﻿<parameters>
  <parameter name="IIS Web Application Name" defaultValue="Default Web Site/" tags="IisApp">
    <parameterEntry kind="ProviderPath" scope="IisApp" match="^C:\\Users\\PC\\Documents\\highcharts\.net\\MVC_Demo\\obj\\Release\\Package\\PackageTmp$" />
    <parameterEntry kind="ProviderPath" scope="setAcl" match="^C:\\Users\\PC\\Documents\\highcharts\.net\\MVC_Demo\\obj\\Release\\Package\\PackageTmp$" />
  </parameter>
  <parameter name="Add write permission to App_Data Folder" description="Add write permission to App_Data folder" defaultValue="{IIS Web Application Name}/App_Data" tags="Hidden">
    <parameterEntry kind="ProviderPath" scope="setAcl" match="^C:\\Users\\PC\\Documents\\highcharts\.net\\MVC_Demo\\obj\\Release\\Package\\PackageTmp\\App_Data$" />
  </parameter>
  <parameter name="ChartDataEntities-Web.config Connection String" description="ChartDataEntities Connection String used in web.config by the application to access the database." defaultValue="metadata=res://*/Models.ChartData.csdl|res://*/Models.ChartData.ssdl|res://*/Models.ChartData.msl;provider=System.Data.SqlClient;provider connection string=&quot;Data Source=highcharts-net.c2fy2izdwrll.us-east-1.rds.amazonaws.com,1433;Initial Catalog=HighstockData;Persist Security Info=True;User ID=master;Password=newpass1&quot;" tags="SqlConnectionString">
    <parameterEntry kind="XmlFile" scope="C:\\Users\\PC\\Documents\\highcharts\.net\\MVC_Demo\\obj\\Release\\Package\\PackageTmp\\Web\.config$" match="/configuration/connectionStrings/add[@name='ChartDataEntities']/@connectionString" />
  </parameter>
</parameters>